,id,repost_of,name,url,datetime,last_updated,price,where,has_image,geotag,deleted
0,7397453654,7363007028,üè°‚ñ∫‚ñ∫‚ñ∫Fantastic Cute 2+2!,https://losangeles.craigslist.org/sfv/roo/d/sherman-oaks-fantastic-cute-22/7397453654.html,2021-10-21 19:16,2021-10-21 19:16,"$1,000",Sh Oaks (Studio City) san fernando valley ,True,"(34.1514, -118.4603)",False
1,7395490575,,One bedroom 4 rent with balcony pool gym,https://losangeles.craigslist.org/sfv/roo/d/burbank-one-bedroom-rent-with-balcony/7395490575.html,2021-10-21 18:38,2021-10-21 18:38,$999,Burbank san fernando valley ,True,"(34.1862, -118.3009)",False
2,7397424165,7070863754,LOOKING FOR GREAT ROOMMATES!,https://losangeles.craigslist.org/sfv/roo/d/van-nuys-looking-for-great-roommates/7397424165.html,2021-10-21 17:26,2021-10-21 17:26,"$1,150",Van Nuys san fernando valley ,True,"(34.183105, -118.431514)",False
3,7394711326,,"Private, Unfurnished Room and Bathroom",https://losangeles.craigslist.org/sfv/roo/d/sherman-oaks-private-unfurnished-room/7394711326.html,2021-10-21 17:00,2021-10-21 17:00,$875,Sherman Oaks san fernando valley ,True,"(34.1526, -118.4322)",False
4,7396442673,,Nice Room For Working Female   (( Pvt Bath )),https://losangeles.craigslist.org/sfv/roo/d/woodland-hills-nice-room-for-working/7396442673.html,2021-10-21 16:25,2021-10-21 16:25,$800,Woodland Hills san fernando valley ,True,"(34.1557, -118.6)",False
5,7394226651,7324774948,large room for rent in beautiful home,https://losangeles.craigslist.org/sfv/roo/d/mission-hills-large-room-for-rent-in/7394226651.html,2021-10-21 15:59,2021-10-21 15:59,"$1,010",Granada Hills san fernando valley ,True,"(34.258202, -118.49454)",False
6,7397379083,,CLEAN PRIVATE 2 BEDROOM & PRIVATE BATH // Mins from PCC/CALTECH!,https://losangeles.craigslist.org/sfv/roo/d/pasadena-clean-private-bedroom-private/7397379083.html,2021-10-21 15:47,2021-10-21 15:47,$700,Pasadena san fernando valley ,False,"(34.1678, -118.1261)",False
7,7397360849,6979508337,TEMP ROOM W/PRIVATE BATH AVAILABLE FOR NOV 1ST - FEB 2020,https://losangeles.craigslist.org/sfv/roo/d/sherman-oaks-temp-room-private-bath/7397360849.html,2021-10-21 14:47,2021-10-21 14:47,"$1,100","Studio City, Sherman Oaks, Burbank san fernando valley ",True,"(34.1526, -118.4322)",False
8,7397356449,,Cozy Room,https://losangeles.craigslist.org/sfv/roo/d/tarzana-cozy-room/7397356449.html,2021-10-21 14:37,2021-10-21 14:37,$925,Reseda san fernando valley ,True,"(34.180805, -118.553518)",False
9,7395004013,7304853316,Christian F seeking Kind F roommate to share Spacious 2b-2b apt!,https://losangeles.craigslist.org/sfv/roo/d/north-hollywood-christian-seeking-kind/7395004013.html,2021-10-21 14:26,2021-10-21 14:26,"$1,049",Border of Studio City san fernando valley ,True,"(34.151, -118.3663)",False
10,7395003792,7304853316,Christian F seeking Kind F roommate to share Spacious 2b-2b apt!,https://losangeles.craigslist.org/sfv/roo/d/north-hollywood-christian-seeking-kind/7395003792.html,2021-10-21 14:25,2021-10-21 14:25,"$1,049",Border of Studio City san fernando valley ,True,"(34.151, -118.3663)",False
11,7397337809,7363936715,"ROOMS FOR RENT, ACROSS FROM CSUN",https://losangeles.craigslist.org/sfv/roo/d/northridge-rooms-for-rent-across-from/7397337809.html,2021-10-21 14:10,2021-10-21 14:10,"$1,000",Northridge san fernando valley ,True,"(34.2346, -118.5231)",False
12,7394334892,7343392518,Spacious Room/ Private Restroom / Walking Closet / Private Entrance,https://losangeles.craigslist.org/sfv/roo/d/northridge-spacious-room-private/7394334892.html,2021-10-21 13:27,2021-10-21 13:27,"$1,250",Northridge san fernando valley ,True,"(34.2353, -118.5188)",False
13,7392759416,5237801820,ROOM FOR RENT NEW HOME AT WEST HILLS ÂÆ∂Â∫≠ÂØÑ,https://losangeles.craigslist.org/sfv/roo/d/west-hills-room-for-rent-new-home-at/7392759416.html,2021-10-21 13:23,2021-10-21 13:23,"$1,200",west hills san fernando valley ,True,"(34.1963, -118.6389)",False
14,7397303408,7256598334,CSUN..Private room and bath. Great location,https://losangeles.craigslist.org/sfv/roo/d/northridge-csunprivate-room-and-bath/7397303408.html,2021-10-21 12:51,2021-10-21 12:51,"$1,050", san fernando valley ,True,"(34.2367, -118.5466)",False
15,7397285989,2381829842,Private room close to CSUN campus,https://losangeles.craigslist.org/sfv/roo/d/northridge-private-room-close-to-csun/7397285989.html,2021-10-21 12:32,2021-10-21 12:32,$565,NORTHRIDGE san fernando valley ,False,"(34.234427, -118.537803)",False
16,7395383124,7371855204,Private Room & Bath,https://losangeles.craigslist.org/sfv/roo/d/canoga-park-private-room-bath/7395383124.html,2021-10-21 12:17,2021-10-21 12:17,"$1,200",Chatsworth/Canoga Park san fernando valley ,False,"(34.2197, -118.6111)",False
17,7390994241,7011756500,Room for rent female preferred,https://losangeles.craigslist.org/sfv/roo/d/canyon-country-room-for-rent-female/7390994241.html,2021-10-21 11:58,2021-10-21 11:58,"$1,100",Canyon Country san fernando valley ,False,"(34.435704, -118.416798)",False
18,7388759225,7011756500,Room for rent female preferred,https://losangeles.craigslist.org/sfv/roo/d/canyon-country-room-for-rent-female/7388759225.html,2021-10-21 11:58,2021-10-21 11:58,"$1,100",Canyon Country san fernando valley ,True,"(34.435704, -118.416798)",False
19,7397253273,7360506264,Private room for rent in beautiful Valencia home,https://losangeles.craigslist.org/sfv/roo/d/valencia-private-room-for-rent-in/7397253273.html,2021-10-21 11:21,2021-10-21 11:21,$850,Creekside Valencia san fernando valley ,True,"(34.4466, -118.5374)",False
20,7397252269,7253822468,Room in 5bdrm house for rent,https://losangeles.craigslist.org/sfv/roo/d/chatsworth-room-in-5bdrm-house-for-rent/7397252269.html,2021-10-21 11:20,2021-10-21 11:20,"$1,350",Porter Ranch san fernando valley ,True,"(34.2619, -118.582)",False
21,7397170194,7389398872,MASTER BEDROOM FOR RENT 2 FLOOR CONDO,https://losangeles.craigslist.org/sfv/roo/d/northridge-master-bedroom-for-rent/7397170194.html,2021-10-21 10:41,2021-10-21 10:41,$920,Northridge san fernando valley ,True,"(34.2367, -118.5466)",False
22,7391096558,,Spacious Room $895,https://losangeles.craigslist.org/sfv/roo/d/pacoima-spacious-room-895/7391096558.html,2021-10-21 10:25,2021-10-21 10:25,$895,Lake View Terrace san fernando valley ,True,"(34.274853, -118.378029)",False
23,7397219462,,1bed 1 bath private entrance room w/ pool + parking,https://losangeles.craigslist.org/sfv/roo/d/northridge-1bed-bath-private-entrance/7397219462.html,2021-10-21 10:25,2021-10-21 10:25,"$1,300",Northridge san fernando valley ,True,"(34.222703, -118.549119)",False
24,7397217368,7388415483,Private room and bathroom for rent in Santa Clarita Home,https://losangeles.craigslist.org/sfv/roo/d/canyon-country-private-room-and/7397217368.html,2021-10-21 10:21,2021-10-21 10:21,$900,Canyon Country san fernando valley ,True,"(34.4132, -118.426)",False
25,7397200628,7370441863,Room for rent,https://losangeles.craigslist.org/sfv/roo/d/pasadena-room-for-rent/7397200628.html,2021-10-21 09:53,2021-10-21 09:53,$850,Pasadena san fernando valley ,False,"(34.174884, -118.131904)",False
26,7394677947,7379927689,Room 4 Rent - PVT BD & BA - in SHARED 3+2 Apt,https://losangeles.craigslist.org/sfv/roo/d/sherman-oaks-room-rent-pvt-bd-ba-in/7394677947.html,2021-10-21 09:50,2021-10-21 09:50,"$1,000",Sherman Oaks san fernando valley ,True,"(34.161001, -118.439741)",False
27,7397125649,7387039516,Room for rent available in beautiful Hollywood hills,https://losangeles.craigslist.org/sfv/roo/d/los-angeles-room-for-rent-available-in/7397125649.html,2021-10-21 07:45,2021-10-21 07:45,"$1,000",Hollywood hills/Studio city/Universal Studios san fernando valley ,False,"(34.1156, -118.3305)",False
28,7394730135,7337328209,Beautiful Private Room with own Bathroom and balcony,https://losangeles.craigslist.org/sfv/roo/d/sherman-oaks-beautiful-private-room/7394730135.html,2021-10-21 00:07,2021-10-21 00:07,"$1,450",Sherman Oaks san fernando valley ,False,"(34.155919, -118.457515)",False
29,7397005641,2381829842,Small Studio like w/ private entrance/bar sink/bath close to CSUN,https://losangeles.craigslist.org/sfv/roo/d/northridge-small-studio-like-private/7397005641.html,2021-10-20 20:16,2021-10-20 20:16,$695,NORTHRIDGE san fernando valley ,True,"(34.243524, -118.562737)",False
30,7396049983,7291133360,*****  Room with Pvt Bath  *****      For Female!!,https://losangeles.craigslist.org/sfv/roo/d/winnetka-room-with-pvt-bath-for-female/7396049983.html,2021-10-20 19:31,2021-10-20 19:31,$800,Woodland Hills area san fernando valley ,True,"(34.2092, -118.5749)",False
31,7396991094,,Room For Rent,https://losangeles.craigslist.org/sfv/roo/d/canoga-park-room-for-rent/7396991094.html,2021-10-20 19:11,2021-10-20 19:11,"$1,000",West Hills san fernando valley ,True,"(34.2197, -118.6111)",False
32,7396959538,7279267424,1 Bed Available in 2Bed/2Bath,https://losangeles.craigslist.org/sfv/roo/d/north-hollywood-bed-available-in-2bed/7396959538.html,2021-10-20 17:25,2021-10-20 17:25,"$1,250",North Hollywood/Toluca Lake san fernando valley ,True,"(34.15669, -118.368073)",False
33,7394139312,7337376110,1bed/1bath,https://losangeles.craigslist.org/sfv/roo/d/van-nuys-1bed-1bath/7394139312.html,2021-10-20 16:44,2021-10-20 16:44,$700, san fernando valley ,True,"(34.2006, -118.4868)",False
34,7396943685,,Cuarto espacioso - ba√±o privado con lavadora y secadora,https://losangeles.craigslist.org/sfv/roo/d/woodland-hills-cuarto-espacioso-bao/7396943685.html,2021-10-20 16:43,2021-10-20 16:43,"$1,000",West Hills san fernando valley ,True,"(34.1963, -118.6389)",False
35,7389089895,7355423505,Furnished Master Bedroom For Rent in large 2 bedroom Condo-Female Only,https://losangeles.craigslist.org/sfv/roo/d/tarzana-furnished-master-bedroom-for/7389089895.html,2021-10-20 16:13,2021-10-20 16:13,$850,Tarzana san fernando valley ,True,"(34.177743, -118.535228)",False
36,7396899028,,Lovely Big Bedroom,https://losangeles.craigslist.org/sfv/roo/d/tarzana-lovely-big-bedroom/7396899028.html,2021-10-20 14:53,2021-10-20 14:53,$900,Tarzana san fernando valley ,True,"(34.186404, -118.553518)",False
37,7393702752,,Large Room for rent,https://losangeles.craigslist.org/sfv/roo/d/burbank-large-room-for-rent/7393702752.html,2021-10-20 14:32,2021-10-20 14:32,"$1,395",Burbank san fernando valley ,True,"(34.169, -118.3442)",False
38,7395104077,,Room for rent,https://losangeles.craigslist.org/sfv/roo/d/tarzana-room-for-rent/7395104077.html,2021-10-20 13:58,2021-10-20 13:58,$850,Lake Balboa san fernando valley ,True,"(34.146379, -118.555615)",False
39,7394691275,,Bedroom..motorhome.,https://losangeles.craigslist.org/sfv/roo/d/los-angeles-bedroommotorhome/7394691275.html,2021-10-20 13:34,2021-10-20 13:34,$600,hollywood san fernando valley ,False,"(34.104, -118.2925)",False
40,7395591022,,"Room in lovely Burbank home, all utilities included",https://losangeles.craigslist.org/sfv/roo/d/burbank-room-in-lovely-burbank-home-all/7395591022.html,2021-10-20 13:27,2021-10-20 13:27,"$1,195",Burbank san fernando valley ,True,"(34.169, -118.3442)",False
41,7395124043,4894696707,Share townhouse with view of valley,https://losangeles.craigslist.org/sfv/roo/d/mission-hills-share-townhouse-with-view/7395124043.html,2021-10-20 12:10,2021-10-20 12:10,"$1,175",Granada Hills san fernando valley ,True,"(34.280535, -118.472207)",False
42,7396797463,,"Furnished Room located in a Gated Community, 5 minutes away from CSUN!",https://losangeles.craigslist.org/sfv/roo/d/northridge-furnished-room-located-in/7396797463.html,2021-10-20 11:41,2021-10-20 11:41,"$1,195",Northridge san fernando valley ,True,"(34.2353, -118.5188)",False
43,7396744146,7382720659,"$565 Private room available at this upscale 2 bed, 2 bath rent house",https://losangeles.craigslist.org/sfv/roo/d/valencia-565-private-room-available-at/7396744146.html,2021-10-20 11:30,2021-10-20 11:30,$565,"Valencia, CA san fernando valley ",False,"(34.4466, -118.5374)",False
44,7395215419,4678344052,Huge Master Bedroom in Pasadena House Great for Students!!!,https://losangeles.craigslist.org/sfv/roo/d/huge-master-bedroom-in-pasadena-house/7395215419.html,2021-10-20 10:07,2021-10-20 10:07,"$1,345",Pasadena san fernando valley ,True,"(34.1678, -118.1261)",False
45,7395756922,6671844164,1 quiet Bed+Private Bath,https://losangeles.craigslist.org/sfv/roo/d/tarzana-quiet-bedprivate-bath/7395756922.html,2021-10-20 09:15,2021-10-20 09:15,"$1,200",Tarzana san fernando valley ,True,"(34.177246, -118.544176)",False
46,7396708755,5704129578,"Private owner, Great Room avai 1st 2 people special, couples welcome",https://losangeles.craigslist.org/sfv/roo/d/north-hills-private-owner-great-room/7396708755.html,2021-10-20 09:11,2021-10-20 09:11,"$1,100",North Hills san fernando valley ,True,"(34.2366, -118.4758)",False
47,7388662441,,"***Awesome, walkable NoHo location by dog park!",https://losangeles.craigslist.org/sfv/roo/d/burbank-awesome-walkable-noho-location/7388662441.html,2021-10-20 09:09,2021-10-20 09:09,"$2,595",North Hollywood san fernando valley ,True,"(34.178005, -118.361612)",False
48,7394755382,,Peaceful Private Room / Bath,https://losangeles.craigslist.org/sfv/roo/d/frazier-park-peaceful-private-room-bath/7394755382.html,2021-10-20 09:07,2021-10-20 09:07,$500, san fernando valley ,False,"(34.8265, -119.0355)",False
49,7393471201,,Glendale - Great Place!!!,https://losangeles.craigslist.org/sfv/roo/d/la-crescenta-glendale-great-place/7393471201.html,2021-10-20 07:08,2021-10-20 07:08,"$1,100",La Crescenta san fernando valley ,True,"(34.2316, -118.2457)",False
50,7396599644,,BEDROOM on Topanga Cyn-near Dumetz Ave,https://losangeles.craigslist.org/sfv/roo/d/woodland-hills-bedroom-on-topanga-cyn/7396599644.html,2021-10-20 06:50,2021-10-20 06:50,$675,Woodland Hills san fernando valley ,False,"(34.1557, -118.6)",False
51,7387206788,,$920.00 master bedroom available,https://losangeles.craigslist.org/sfv/roo/d/tujunga-master-bedroom-available/7387206788.html,2021-10-20 05:21,2021-10-20 05:21,$920,Tujunga san fernando valley ,True,"(34.255, -118.2975)",False
52,7396576046,,1 bedroom 1 bath in Chatsworth,https://losangeles.craigslist.org/sfv/roo/d/chatsworth-bedroom-bath-in-chatsworth/7396576046.html,2021-10-20 02:18,2021-10-20 02:18,"$1,200",Chatsworth san fernando valley ,True,"(34.257776, -118.614444)",False
53,7391503918,7214833197,Private Master bedroom and Bathroom,https://losangeles.craigslist.org/sfv/roo/d/woodland-hills-private-master-bedroom/7391503918.html,2021-10-20 00:09,2021-10-20 00:09,"$1,300",Woodland Hills san fernando valley ,True,"(34.1557, -118.6)",False
54,7396565333,,ROOM FOR RENT - $950,https://losangeles.craigslist.org/sfv/roo/d/winnetka-room-for-rent-950/7396565333.html,2021-10-19 23:33,2021-10-19 23:33,$950,Winnetka san fernando valley ,True,"(34.209514, -118.574326)",False
55,7396562701,,"Master bedroom for $850/mo, walking distance to CSUN",https://losangeles.craigslist.org/sfv/roo/d/northridge-master-bedroom-for-850-mo/7396562701.html,2021-10-19 23:18,2021-10-19 23:18,$850,Northridge san fernando valley ,False,"(34.2367, -118.5466)",False
56,7396560861,,SUNLAND ROOM FOR RENT-huge master/own bathroom,https://losangeles.craigslist.org/sfv/roo/d/sunland-sunland-room-for-rent-huge/7396560861.html,2021-10-19 22:48,2021-10-19 22:48,"$1,450",sunland/tujunga san fernando valley ,True,"(34.2618, -118.3371)",False
57,7394762573,7016817477,Private room and bath in beautiful Tarzana townhouse,https://losangeles.craigslist.org/sfv/roo/d/tarzana-private-room-and-bath-in/7394762573.html,2021-10-19 22:37,2021-10-19 22:37,"$1,200",Tarzana san fernando valley ,True,"(34.177005, -118.544718)",False
58,7396534666,7391447832,Studio for Rent,https://losangeles.craigslist.org/sfv/roo/d/woodland-hills-studio-for-rent/7396534666.html,2021-10-19 20:01,2021-10-19 20:01,"$1,395",Woodland Hills san fernando valley ,True,"(34.149216, -118.595524)",False
59,7394531502,,Beautiful High Ceiling Master Bedroom,https://losangeles.craigslist.org/sfv/roo/d/encino-beautiful-high-ceiling-master/7394531502.html,2021-10-19 18:37,2021-10-19 18:37,"$1,090",Encino san fernando valley ,True,"(34.164444, -118.524522)",False
60,7396499682,7026638207,Private Apt attacted to house for rent,https://losangeles.craigslist.org/sfv/roo/d/northridge-private-apt-attacted-to/7396499682.html,2021-10-19 17:53,2021-10-19 17:53,"$1,200",Northridge san fernando valley ,True,"(34.2353, -118.5188)",False
61,7396497290,7025783902,Private studio-like 1 bedroom /1 Bath GUEST ROOM,https://losangeles.craigslist.org/sfv/roo/d/burbank-private-studio-like-bedroom/7396497290.html,2021-10-19 17:45,2021-10-19 17:45,"$1,375",UTILITIES INCLUDED - BURBANK san fernando valley ,True,"(34.171306, -118.30861)",False
62,7396493600,,Furnished room with private en suite bathroom,https://losangeles.craigslist.org/sfv/roo/d/reseda-furnished-room-with-private-en/7396493600.html,2021-10-19 17:34,2021-10-19 17:34,"$1,200",Northridge san fernando valley ,True,"(34.186404, -118.540318)",False
63,7396485747,,Room for rent,https://losangeles.craigslist.org/sfv/roo/d/winnetka-room-for-rent/7396485747.html,2021-10-19 17:11,2021-10-19 17:11,$800,Winnetka san fernando valley ,False,"(34.2092, -118.5749)",False
64,7394993917,7126010480,Room For Rent in Encino,https://losangeles.craigslist.org/sfv/roo/d/encino-room-for-rent-in-encino/7394993917.html,2021-10-19 15:21,2021-10-19 15:21,"$1,150",Encino san fernando valley ,True,"(34.1655, -118.5175)",False
65,7389090178,7255089994,Woodland Hills south of blvd home with pool-Guest Room available,https://losangeles.craigslist.org/sfv/roo/d/woodland-hills-woodland-hills-south-of/7389090178.html,2021-10-19 14:42,2021-10-19 14:42,"$1,400",woodland hills san fernando valley ,True,"(34.1557, -118.6)",False
66,7396409187,7288171792,Room for rent,https://losangeles.craigslist.org/sfv/roo/d/canyon-country-room-for-rent/7396409187.html,2021-10-19 14:07,2021-10-19 14:07,$950,Santa Clarita san fernando valley ,True,"(34.42, -118.45)",False
67,7396383436,,"$1,200 Roommate to Share Awesome Townhouse",https://losangeles.craigslist.org/sfv/roo/d/tarzana-1200-roommate-to-share-awesome/7396383436.html,2021-10-19 13:18,2021-10-19 13:18,"$1,200",Tarzana san fernando valley ,True,"(34.177005, -118.544718)",False
68,7396373611,7368043101,Beautiful Sunny Huge Private Bedroom and Bathroom,https://losangeles.craigslist.org/sfv/roo/d/north-hollywood-beautiful-sunny-huge/7396373611.html,2021-10-19 12:58,2021-10-19 12:58,"$1,999",North Hollywood san fernando valley ,True,"(34.1687, -118.3713)",False
69,7396364279,,FURNISHED ROOM  off Malibu Canyon,https://losangeles.craigslist.org/sfv/roo/d/agoura-hills-furnished-room-off-malibu/7396364279.html,2021-10-19 12:41,2021-10-19 12:41,"$1,100",Calabasas san fernando valley ,True,"(34.1227, -118.7573)",False
70,7396353512,7372555612,ROOM FOR RENT,https://losangeles.craigslist.org/sfv/roo/d/north-hollywood-room-for-rent/7396353512.html,2021-10-19 12:26,2021-10-19 12:26,$900, san fernando valley ,True,"(34.2057, -118.4001)",False
71,7396345990,,Private Master Suite,https://losangeles.craigslist.org/sfv/roo/d/burbank-private-master-suite/7396345990.html,2021-10-19 12:08,2021-10-19 12:08,"$1,500",Mandalay Shores san fernando valley ,True,"(34.1833, -118.3123)",False
72,7396323491,7239018016,nice  room in west hills,https://losangeles.craigslist.org/sfv/roo/d/canoga-park-nice-room-in-west-hills/7396323491.html,2021-10-19 11:29,2021-10-19 11:29,"$1,150",west hills san fernando valley ,False,"(34.2197, -118.6111)",False
73,7396295568,7373747424,Huge Guest Suite + large bathroom in large house,https://losangeles.craigslist.org/sfv/roo/d/calabasas-huge-guest-suite-large/7396295568.html,2021-10-19 11:17,2021-10-19 11:17,"$1,700",Woodland Hills san fernando valley ,True,"(34.168334, -118.630672)",False
74,7396243970,6727753431,City lights view &huge private balcony. In a mansion.Must See!!ASAP,https://losangeles.craigslist.org/sfv/roo/d/woodland-hills-city-lights-view-huge/7396243970.html,2021-10-19 11:11,2021-10-19 11:11,"$1,150",Calabasas san fernando valley ,False,"(34.1683, -118.6059)",False
75,7396237114,6727753431,City lights view &huge private balcony. In a mansion.Must See!!ASAP,https://losangeles.craigslist.org/sfv/roo/d/woodland-hills-city-lights-view-huge/7396237114.html,2021-10-19 11:05,2021-10-19 11:05,"$1,450",Calabasas san fernando valley ,False,"(34.1683, -118.6059)",False
76,7390352858,7365218695,$1195 1 Bedroom (Private) in 2 Bedroom Condo Share,https://losangeles.craigslist.org/sfv/roo/d/woodland-hills-bedroom-private-in/7390352858.html,2021-10-19 11:00,2021-10-19 11:00,"$1,195",Woodland Hills san fernando valley ,True,"(34.1767, -118.6159)",False
77,7396298470,,Room for rent in great location,https://losangeles.craigslist.org/sfv/roo/d/studio-city-room-for-rent-in-great/7396298470.html,2021-10-19 10:46,2021-10-19 10:46,"$1,285",Studio City san fernando valley ,True,"(34.143, -118.3913)",False
78,7394908270,7343506507,Bedroom in gated community Pool/Jacuzzi/Internet/Cable,https://losangeles.craigslist.org/sfv/roo/d/panorama-city-bedroom-in-gated/7394908270.html,2021-10-19 10:32,2021-10-19 10:32,$900,North Hills san fernando valley ,True,"(34.224643, -118.465447)",False
79,7392936737,,Private Bedroom/Bathroom available w/ Christian Housemates (Male),https://losangeles.craigslist.org/sfv/roo/d/glendale-private-bedroom-bathroom/7392936737.html,2021-10-19 08:52,2021-10-19 08:52,$850,"Glendale, CA san fernando valley ",True,"(34.1379, -118.2599)",False
80,7391036735,6883057656,"Furnished bedroom for rent, available October 30th",https://losangeles.craigslist.org/sfv/roo/d/calabasas-furnished-bedroom-for-rent/7391036735.html,2021-10-19 07:37,2021-10-19 07:37,"$1,350",Calabasas san fernando valley ,True,"(34.157573, -118.693625)",False
81,7394711905,4668207215,"ROOM FOR RENT (Valencia, CA)",https://losangeles.craigslist.org/sfv/roo/d/valencia-room-for-rent-valencia-ca/7394711905.html,2021-10-19 05:44,2021-10-19 05:44,$950,"Valencia,CA san fernando valley ",True,"(34.3985, -118.5535)",False
82,7394712726,4668207215,"ROOM FOR RENT (Santa Clarita, CA)",https://losangeles.craigslist.org/sfv/roo/d/santa-clarita-room-for-rent-santa/7394712726.html,2021-10-19 04:23,2021-10-19 04:23,$950,"Valencia,CA san fernando valley ",True,"(34.3985, -118.5535)",False
83,7386518425,4266037920,Bright Quiet Mountain View Room in townhouse all included,https://losangeles.craigslist.org/sfv/roo/d/bright-quiet-mountain-view-room-in/7386518425.html,2021-10-18 23:54,2021-10-18 23:54,"$1,200",studio city san fernando valley ,True,"(34.143, -118.3913)",False
84,7396092234,,2 Rooms/1 Bathroom for rent,https://losangeles.craigslist.org/sfv/roo/d/canoga-park-rooms-bathroom-for-rent/7396092234.html,2021-10-18 22:48,2021-10-18 22:48,"$1,200",West Hills san fernando valley ,True,"(34.2197, -118.6111)",False
85,7393216184,,Unfurnished Room Available ASAP,https://losangeles.craigslist.org/sfv/roo/d/sherman-oaks-unfurnished-room-available/7393216184.html,2021-10-18 22:20,2021-10-18 22:20,"$1,200",Sherman Oaks san fernando valley ,True,"(34.150127, -118.448839)",False
86,7396082970,7115279294,FEMALE ROOMMATE WANTED PRIVATE BR/PRIVATE BA CONDO $850/MONTH,https://losangeles.craigslist.org/sfv/roo/d/glendale-female-roommate-wanted-private/7396082970.html,2021-10-18 21:31,2021-10-18 21:31,$850,GLENDALE san fernando valley ,False,"(34.1556, -118.2322)",False
87,7393599536,7388358103,FEMALE ROOMMATE WANTED PRIVATE BR/PRIVATE BA CONDO $850/MONTH,https://losangeles.craigslist.org/sfv/roo/d/glendale-female-roommate-wanted-private/7393599536.html,2021-10-18 21:31,2021-10-18 21:31,$850,GLENDALE san fernando valley ,False,"(34.1556, -118.2322)",False
88,7392227163,7386977607,Private Bedroom & Bathroom with Walk-In Closet & Covered Parking,https://losangeles.craigslist.org/sfv/roo/d/panorama-city-private-bedroom-bathroom/7392227163.html,2021-10-18 18:45,2021-10-18 18:45,$720,Panorama City san fernando valley ,True,"(34.241491, -118.450126)",False
89,7390687653,,Room for Rent,https://losangeles.craigslist.org/sfv/roo/d/mission-hills-room-for-rent/7390687653.html,2021-10-18 18:30,2021-10-18 18:30,"$1,100",Mission Hills san fernando valley ,True,"(34.258, -118.466)",False
90,7385121242,7379927689,PRIVATE ROOM FOR RENT IN 3BEDROOM UNIT AVAILABLE IN SHERMAN OAKS,https://losangeles.craigslist.org/sfv/roo/d/sherman-oaks-private-room-for-rent-in/7385121242.html,2021-10-18 16:10,2021-10-18 16:10,"$1,200",Sherman Oaks san fernando valley ,True,"(34.161001, -118.439741)",False
91,7395988106,7392398782,MASTER + PRIVATE bath in house near MULHOLLAND,https://losangeles.craigslist.org/sfv/roo/d/encino-master-private-bath-in-house/7395988106.html,2021-10-18 16:02,2021-10-18 16:02,"$1,400",Encino Hills san fernando valley ,True,"(34.151, -118.4882)",False
92,7395974960,7136126922,Room for Rent,https://losangeles.craigslist.org/sfv/roo/d/canyon-country-room-for-rent/7395974960.html,2021-10-18 15:31,2021-10-18 15:31,$700,Canyon Country san fernando valley ,False,"(34.4132, -118.426)",False
93,7395972574,7136126922,Room for Rent,https://losangeles.craigslist.org/sfv/roo/d/canyon-country-room-for-rent/7395972574.html,2021-10-18 15:26,2021-10-18 15:26,$700,Canyon Country san fernando valley ,False,"(34.4132, -118.426)",False
94,7395949063,,Room for rent,https://losangeles.craigslist.org/sfv/roo/d/van-nuys-room-for-rent/7395949063.html,2021-10-18 14:36,2021-10-18 14:36,"$1,450", san fernando valley ,False,"(34.2006, -118.4868)",False
95,7389755042,7367826293,Private Room/ Guest Room private Bath,https://losangeles.craigslist.org/sfv/roo/d/woodland-hills-private-room-guest-room/7389755042.html,2021-10-18 14:01,2021-10-18 14:01,"$1,200",Woodland Hills san fernando valley ,True,"(34.186404, -118.62332)",False
96,7392930025,7360506264,Private room for rent in beautiful Valencia home,https://losangeles.craigslist.org/sfv/roo/d/valencia-private-room-for-rent-in/7392930025.html,2021-10-18 13:38,2021-10-18 13:38,$850,Creekside Valencia san fernando valley ,True,"(34.4466, -118.5374)",False
97,7382294769,7135484908,Smart-House Share South of Ventura Blvd,https://losangeles.craigslist.org/sfv/roo/d/sherman-oaks-smart-house-share-south-of/7382294769.html,2021-10-18 10:06,2021-10-18 10:06,"$1,500",Sherman Oaks san fernando valley ,True,"(34.1514, -118.4603)",False
98,7395778678,,Two rooms for rent in house,https://losangeles.craigslist.org/sfv/roo/d/canyon-country-two-rooms-for-rent-in/7395778678.html,2021-10-18 09:39,2021-10-18 09:39,"$1,200",Canyon Country san fernando valley ,False,"(34.4132, -118.426)",False
99,7395761309,7343506507,Bedroom in gated community Pool/Jacuzzi/Internet/Cable,https://losangeles.craigslist.org/sfv/roo/d/panorama-city-bedroom-in-gated/7395761309.html,2021-10-18 09:11,2021-10-18 09:11,$900,North Hills san fernando valley ,True,"(34.224643, -118.465447)",False
100,7395682750,,1 bedroom in a 2 bedroom apt. for rent immediately,https://losangeles.craigslist.org/sfv/roo/d/north-hollywood-bedroom-in-2-bedroom/7395682750.html,2021-10-18 07:16,2021-10-18 07:16,$630,North Hollywood san fernando valley ,False,"(34.1687, -118.3713)",False
101,7395667223,7377109634,1/3 House for Rent,https://losangeles.craigslist.org/sfv/roo/d/sun-valley-3-house-for-rent/7395667223.html,2021-10-18 06:37,2021-10-18 06:37,"$1,250",North Hollywood/ Sun Valley san fernando valley ,True,"(34.214765, -118.37923)",False
102,7395610272,7118829112,STUDIO,https://losangeles.craigslist.org/sfv/roo/d/tarzana-studio/7395610272.html,2021-10-17 22:45,2021-10-17 22:45,"$1,595",TARZANA san fernando valley ,True,"(34.1671, -118.5414)",False
103,7395601542,7390672965,Furnished Room for Rent (Female) $900/month,https://losangeles.craigslist.org/sfv/roo/d/burbank-furnished-room-for-rent-female/7395601542.html,2021-10-17 21:33,2021-10-17 21:33,$900,Burbank san fernando valley ,True,"(34.193905, -118.343511)",False
104,7395596705,7259871856,2 bedroom Looking for someone to Share,https://losangeles.craigslist.org/sfv/roo/d/north-hollywood-bedroom-looking-for/7395596705.html,2021-10-17 21:02,2021-10-17 21:02,$700,North Hollywood san fernando valley ,True,"(34.159906, -118.368412)",False
105,7386474688,7337328209,Beautiful Private Room with own Bathroom and balcony,https://losangeles.craigslist.org/sfv/roo/d/sherman-oaks-beautiful-private-room/7386474688.html,2021-10-17 20:24,2021-10-17 20:24,"$1,450",Sherman Oaks san fernando valley ,False,"(34.155919, -118.457515)",False
106,7392585010,7368655026,Clean & Bright 1-BED 1-BATH in a beautiful Townhouse - Warner Center,https://losangeles.craigslist.org/sfv/roo/d/woodland-hills-clean-bright-bed-bath-in/7392585010.html,2021-10-17 19:09,2021-10-17 19:09,"$1,095",Warner Center - Woodland Hills san fernando valley ,True,"(34.173505, -118.602119)",False
107,7395536243,,WESTLAKE PVT ROOM BATH TOWNHOUSE TO SHARE LUXURY BEATS 1 BR & STUDIO A,https://losangeles.craigslist.org/sfv/roo/d/westlake-village-westlake-pvt-room-bath/7395536243.html,2021-10-17 17:28,2021-10-17 17:28,"$1,250",Westlake Village Thousand Oaks san fernando valley ,True,"(34.1472, -118.8383)",False
108,7395539029,,Need an immediate subletter,https://losangeles.craigslist.org/sfv/roo/d/burbank-need-an-immediate-subletter/7395539029.html,2021-10-17 17:07,2021-10-17 17:07,"$1,300",Burbank san fernando valley ,True,"(34.185139, -118.327053)",False
109,7395532208,7154112266,Room For Rent in North Hollywood **Private Bathroom**,https://losangeles.craigslist.org/sfv/roo/d/north-hollywood-room-for-rent-in-north/7395532208.html,2021-10-17 16:46,2021-10-17 16:46,$880,North Hollywood san fernando valley ,True,"(34.1872, -118.3865)",False
110,7395509151,,PRIVATE BEDROOM WITH FULL BATH,https://losangeles.craigslist.org/sfv/roo/d/granada-hills-private-bedroom-with-full/7395509151.html,2021-10-17 15:40,2021-10-17 15:40,$795,NORTHRIDGE san fernando valley ,True,"(34.257402, -118.502418)",False
111,7387497026,7028753066,Room for rent,https://losangeles.craigslist.org/sfv/roo/d/tarzana-room-for-rent/7387497026.html,2021-10-17 13:27,2021-10-17 13:27,$750,Tarzana san fernando valley ,True,"(34.1671, -118.5414)",False
112,7395439445,,ROOM MATE WANTED,https://losangeles.craigslist.org/sfv/roo/d/encino-room-mate-wanted/7395439445.html,2021-10-17 12:53,2021-10-17 12:53,"$1,000",ENCINO san fernando valley ,False,"(34.168505, -118.520731)",False
113,7392933665,7191035218,Room with Private Bathroom for Rent,https://losangeles.craigslist.org/sfv/roo/d/chatsworth-room-with-private-bathroom/7392933665.html,2021-10-17 12:23,2021-10-17 12:23,"$1,100",Porter Ranch san fernando valley ,True,"(34.2619, -118.582)",False
114,7382530781,7099791079,2br - Master Bedroom w/private bath & balcony Apt in Burbank Media,https://losangeles.craigslist.org/sfv/roo/d/burbank-2br-master-bedroom-private-bath/7382530781.html,2021-10-17 10:25,2021-10-17 10:25,"$1,000",Burbank san fernando valley ,True,"(34.16025, -118.322072)",False
115,7395335594,7388966095,Beautiful pool home to share!,https://losangeles.craigslist.org/sfv/roo/d/porter-ranch-beautiful-pool-home-to/7395335594.html,2021-10-17 09:13,2021-10-17 09:13,"$1,100",Northridge /Porter Ranch san fernando valley ,True,"(34.282909, -118.548737)",False
116,7395332330,7268822832,Master‚Äôs Bedroom for Rent,https://losangeles.craigslist.org/sfv/roo/d/panorama-city-masters-bedroom-for-rent/7395332330.html,2021-10-17 09:06,2021-10-17 09:06,"$1,500",Panorama City san fernando valley ,True,"(34.2394, -118.4538)",False
117,7388315300,6957989172,"HUGE  Master Bedroom Suite 290 sq ft own bath,  pool",https://losangeles.craigslist.org/sfv/roo/d/sherman-oaks-huge-master-bedroom-suite/7388315300.html,2021-10-17 08:27,2021-10-17 08:27,$999,Sherman Oaks san fernando valley ,True,"(34.150306, -118.422613)",False
118,7389006462,7269833337,Looking for Sober Female to share my gorgeous Townhouse,https://losangeles.craigslist.org/sfv/roo/d/tarzana-looking-for-sober-female-to/7389006462.html,2021-10-17 00:01,2021-10-17 00:01,"$1,300",Tarzana san fernando valley ,True,"(34.176972, -118.540706)",False
119,7395219536,,Room for rent in a home,https://losangeles.craigslist.org/sfv/roo/d/van-nuys-room-for-rent-in-home/7395219536.html,2021-10-16 23:00,2021-10-16 23:00,"$1,200",Van Nuys san fernando valley ,False,"(34.2011, -118.4837)",False
120,7395189006,7379903738,Room For Rent (Master Bedroom Guest Room),https://losangeles.craigslist.org/sfv/roo/d/encino-room-for-rent-master-bedroom/7395189006.html,2021-10-16 19:17,2021-10-16 19:17,"$1,600",Encino san fernando valley ,True,"(34.151, -118.4882)",False
121,7395190578,7347985080,1 bed 1 bath small master available,https://losangeles.craigslist.org/sfv/roo/d/woodland-hills-bed-bath-small-master/7395190578.html,2021-10-16 19:16,2021-10-16 19:16,"$1,100",Woodland Hills san fernando valley ,True,"(34.1767, -118.6159)",False
122,7392463823,6561444786,Room Rental- Winnetka,https://losangeles.craigslist.org/sfv/roo/d/room-rental-winnetka/7392463823.html,2021-10-16 18:51,2021-10-16 18:51,"$1,000",Winnetka san fernando valley ,True,,False
123,7395140621,,Extra Bedroom West Hills,https://losangeles.craigslist.org/sfv/roo/d/woodland-hills-extra-bedroom-west-hills/7395140621.html,2021-10-16 16:13,2021-10-16 16:13,$950,West Hills san fernando valley ,False,"(34.1963, -118.6389)",False
124,7395133392,,"Seeking fun roommate to share lease in scenic, quiet apartment!",https://losangeles.craigslist.org/sfv/roo/d/calabasas-seeking-fun-roommate-to-share/7395133392.html,2021-10-16 16:04,2021-10-16 16:04,"$1,508",Calabasas san fernando valley ,True,"(34.128458, -118.708022)",False
125,7395132958,6976365674,"One Bed n Liv Room for Rent in Granada Hills (Kitchen, Priv Entrance).",https://losangeles.craigslist.org/sfv/roo/d/granada-hills-one-bed-liv-room-for-rent/7395132958.html,2021-10-16 15:51,2021-10-16 15:51,"$1,700",Granada Hills san fernando valley ,True,"(34.2771, -118.4992)",False
126,7395127222,7366295524,Single room w own 3/4 bathroom,https://losangeles.craigslist.org/sfv/roo/d/sylmar-single-room-own-4-bathroom/7395127222.html,2021-10-16 15:36,2021-10-16 15:36,$795,North San Fernando Valley san fernando valley ,True,"(34.3054, -118.4322)",False
127,7395123815,4894696707,Share townhouse with view of valley,https://losangeles.craigslist.org/sfv/roo/d/mission-hills-share-townhouse-with-view/7395123815.html,2021-10-16 15:27,2021-10-16 15:27,"$1,175",Granada Hills san fernando valley ,True,"(34.280535, -118.472207)",False
128,7395095271,4872137193,ROOM FOR RENT WITH PRIVATE BATH AVAILABLE IN NOVEMBER,https://losangeles.craigslist.org/sfv/roo/d/room-for-rent-with-private-bath/7395095271.html,2021-10-16 14:19,2021-10-16 14:19,$950,Glendale san fernando valley ,True,"(34.134508, -118.260908)",False
129,7393819888,,"Furnished Room located in a Gated Community, 5 minutes away from CSUN!",https://losangeles.craigslist.org/sfv/roo/d/northridge-furnished-room-located-in/7393819888.html,2021-10-16 13:50,2021-10-16 13:50,"$1,195",Northridge san fernando valley ,True,"(34.2353, -118.5188)",False
130,7395054126,,"EX Excellent furnished 1Bd/1Bt Pking, Lndy, AC, Util inc. Large closet",https://losangeles.craigslist.org/sfv/roo/d/sherman-oaks-ex-excellent-furnished-1bd/7395054126.html,2021-10-16 13:46,2021-10-16 13:46,$500,Sherman Oaks san fernando valley ,True,"(34.1526, -118.4322)",False
131,7394955683,7391330161,Cool Roommate Wanted,https://losangeles.craigslist.org/sfv/roo/d/van-nuys-cool-roommate-wanted/7394955683.html,2021-10-16 10:09,2021-10-16 10:09,"$1,300",Van Nuys san fernando valley ,True,"(34.2006, -118.4868)",False
132,7394948817,7268822832,Master‚Äôs Bedroom for Rent,https://losangeles.craigslist.org/sfv/roo/d/panorama-city-masters-bedroom-for-rent/7394948817.html,2021-10-16 09:44,2021-10-16 09:44,"$1,500",Panorama City san fernando valley ,False,"(34.2394, -118.4538)",False
133,7393639714,,Roomate Needed for Wonderful 2/2 in Noho Arts District,https://losangeles.craigslist.org/sfv/roo/d/north-hollywood-roomate-needed-for/7393639714.html,2021-10-16 09:05,2021-10-16 09:05,"$1,500",North Hollywood Arts District san fernando valley ,True,"(34.1629, -118.3734)",False
134,7394923748,7031851534,Beautiful Large master Bedroom,https://losangeles.craigslist.org/sfv/roo/d/canoga-park-beautiful-large-master/7394923748.html,2021-10-16 09:01,2021-10-16 09:01,$700,WINNETKA san fernando valley ,False,"(34.195021, -118.60076)",False
135,7394923286,7031851534,Beautiful Large master Bedroom,https://losangeles.craigslist.org/sfv/roo/d/canoga-park-beautiful-large-master/7394923286.html,2021-10-16 09:00,2021-10-16 09:00,$700,WINNETKA san fernando valley ,False,"(34.195021, -118.60076)",False
136,7394800544,7292556143,Furnished roomÔøº,https://losangeles.craigslist.org/sfv/roo/d/chatsworth-furnished-room/7394800544.html,2021-10-16 01:18,2021-10-16 01:18,$950,Chatsworth san fernando valley ,True,"(34.2533, -118.6033)",False
137,7391169573,7261324427,Room for rent,https://losangeles.craigslist.org/sfv/roo/d/glendale-room-for-rent/7391169573.html,2021-10-16 00:35,2021-10-16 00:35,"$1,250",Glendale san fernando valley ,False,"(34.1556, -118.2322)",False
138,7392338147,4682330679,Spacious View Room for rent,https://losangeles.craigslist.org/sfv/roo/d/spacious-view-room-for-rent/7392338147.html,2021-10-15 19:42,2021-10-15 19:42,$750,Hansen Hills Pacoima san fernando valley ,True,"(34.262602, -118.404715)",False
139,7394732999,,spacious Master Bedroom in great neighborhood!,https://losangeles.craigslist.org/sfv/roo/d/canyon-country-spacious-master-bedroom/7394732999.html,2021-10-15 18:06,2021-10-15 18:06,"$1,200",Canyon Country san fernando valley ,True,"(34.4246, -118.4307)",False
140,7394696643,,Room for rent.,https://losangeles.craigslist.org/sfv/roo/d/van-nuys-room-for-rent/7394696643.html,2021-10-15 16:23,2021-10-15 16:23,$925,Lake balboa san fernando valley ,True,"(34.208204, -118.509918)",False
141,7394658803,,Gorgeous room for rent,https://losangeles.craigslist.org/sfv/roo/d/calabasas-gorgeous-room-for-rent/7394658803.html,2021-10-15 14:54,2021-10-15 14:54,"$1,200",Calabasas san fernando valley ,True,"(34.132687, -118.647385)",False
142,7391916209,,Unfinished Room for rent in the House,https://losangeles.craigslist.org/sfv/roo/d/woodland-hills-unfinished-room-for-rent/7391916209.html,2021-10-15 14:36,2021-10-15 14:36,"$1,050",Topanga Canyon and Mulholland drive san fernando valley ,True,"(34.145567, -118.609021)",False
143,7394607343,,Room for Rent,https://losangeles.craigslist.org/sfv/roo/d/canyon-country-room-for-rent/7394607343.html,2021-10-15 13:42,2021-10-15 13:42,"$1,200",Canyon Country san fernando valley ,True,"(34.4098, -118.4567)",False
144,7394596666,7076147293,BEAUTIFUL PVT BEDROOM IN SHERMAN OAKS HOUSE,https://losangeles.craigslist.org/sfv/roo/d/van-nuys-beautiful-pvt-bedroom-in/7394596666.html,2021-10-15 12:50,2021-10-15 12:50,$875,SHERMAN OAKS san fernando valley ,True,"(34.171905, -118.462015)",False
145,7394588287,,Bedroom/Bathroom for rent in 2 bed 2 bath apt in mountains above Chats,https://losangeles.craigslist.org/sfv/roo/d/chatsworth-bedroom-bathroom-for-rent-in/7394588287.html,2021-10-15 12:34,2021-10-15 12:34,"$1,000",Chatsworth san fernando valley ,True,"(34.283938, -118.604803)",False
146,7394460449,,WILLOWBROOK TRANSITIONAL HOUSING FOR,https://losangeles.craigslist.org/sfv/roo/d/sioux-falls-willowbrook-transitional/7394460449.html,2021-10-15 09:21,2021-10-15 09:21,$750,los angeles san fernando valley ,False,"(43.5486, -96.6332)",False
147,7387497126,7028753066,Room for rent,https://losangeles.craigslist.org/sfv/roo/d/tarzana-room-for-rent/7387497126.html,2021-10-15 09:16,2021-10-15 09:16,$800,Tarzana san fernando valley ,True,"(34.1671, -118.5414)",False
148,7391330732,5973792718,Comfortable Estate Rooms for Rent,https://losangeles.craigslist.org/sfv/roo/d/encino-comfortable-estate-rooms-for-rent/7391330732.html,2021-10-15 08:24,2021-10-15 08:24,"$2,200",Encino san fernando valley ,False,"(34.151, -118.4882)",False
149,7381145808,4892836644,"‚ù§‚ù§ SANTA CLARITA- ROOM w/ATTACHED BATH, NEWER HOUSE, UPSCALE LOCATION",https://losangeles.craigslist.org/sfv/roo/d/santa-clarita-santa-clarita-room/7381145808.html,2021-10-15 04:22,2021-10-15 04:22,"$1,150",Valencia Santa Clarita Saugus Canyon Country san fernando valley ,True,"(34.44813, -118.483658)",False
150,7394276809,7343368148,"Private bathroom and private bedroom $950 everything inc, st parking o",https://losangeles.craigslist.org/sfv/roo/d/glendale-private-bathroom-and-private/7394276809.html,2021-10-14 18:34,2021-10-14 18:34,$950,Glendale san fernando valley ,True,"(34.1556, -118.2322)",False
151,7394242557,,Very Spacious 1 Bedroom 1 Bath in a 2 Bedroom for immediate move in,https://losangeles.craigslist.org/sfv/roo/d/north-hollywood-very-spacious-bedroom/7394242557.html,2021-10-14 18:27,2021-10-14 18:27,$630,North Hollywood san fernando valley ,False,"(34.1687, -118.3713)",False
152,7394256461,,Master Bedroom in two bedroom Apartment,https://losangeles.craigslist.org/sfv/roo/d/canoga-park-master-bedroom-in-two/7394256461.html,2021-10-14 17:26,2021-10-14 17:26,"$1,500",Warner Center/Canoga Park san fernando valley ,False,"(34.193704, -118.595319)",False
153,7394228118,,Room for rent,https://losangeles.craigslist.org/sfv/roo/d/monterey-park-room-for-rent/7394228118.html,2021-10-14 16:09,2021-10-14 16:09,$580,M.P san fernando valley ,False,"(34.0534, -118.1271)",False
154,7392827295,7380991762,ROOM FOR RENT/HOUSE TO SHARE (woodlandhills),https://losangeles.craigslist.org/sfv/roo/d/woodland-hills-room-for-rent-house-to/7392827295.html,2021-10-14 14:55,2021-10-14 14:55,"$1,350",Woodland Hills san fernando valley ,True,"(34.179218, -118.594455)",False
155,7394160840,7359385571,"Private Room, Private Bathroom, Walk-in Closet and Separate Entrance",https://losangeles.craigslist.org/sfv/roo/d/north-hills-private-room-private/7394160840.html,2021-10-14 13:39,2021-10-14 13:39,"$1,100",North Hills san fernando valley ,True,"(34.2366, -118.4758)",False
156,7394143092,,Room for rent,https://losangeles.craigslist.org/sfv/roo/d/northridge-room-for-rent/7394143092.html,2021-10-14 13:05,2021-10-14 13:05,"$1,000",Northridge san fernando valley ,False,"(34.2353, -118.5188)",False
157,7394133457,,Room with  own bathroom,https://losangeles.craigslist.org/sfv/roo/d/sylmar-room-with-own-bathroom/7394133457.html,2021-10-14 12:46,2021-10-14 12:46,$800,Sylmar san fernando valley ,True,"(34.323742, -118.453607)",False
158,7394085573,7210595798,SEEKING FEMALE ROOMMATE TO SHARE HOUSE,https://losangeles.craigslist.org/sfv/roo/d/burbank-seeking-female-roommate-to/7394085573.html,2021-10-14 11:17,2021-10-14 11:17,"$1,500",TOLUCA LAKE san fernando valley ,True,"(34.14953, -118.345265)",False
159,7394039445,7387429479,Sharing two bedroom two bath apartment in Glendale,https://losangeles.craigslist.org/sfv/roo/d/glendale-sharing-two-bedroom-two-bath/7394039445.html,2021-10-14 09:58,2021-10-14 09:58,$950,Glendale san fernando valley ,False,"(34.163725, -118.251053)",False
